,1,2,3,4,5,6,7,8,9,10
Mission: Impossible (1996),Mission: Impossible (1996),"Hunt for Red October, The (1990)",Heat (1995),"Rock, The (1996)",Speed (1994),Enemy of the State (1998),Terminator 2: Judgment Day (1991),Demolition Man (1993),X-Men (2000),Total Recall (1990)
Total Recall (1990),Total Recall (1990),Terminator 2: Judgment Day (1991),Demolition Man (1993),Heat (1995),Speed (1994),"Rock, The (1996)",Mission: Impossible (1996),"Hunt for Red October, The (1990)",Gladiator (2000),Enemy of the State (1998)
Gladiator (2000),Gladiator (2000),Speed (1994),Terminator 2: Judgment Day (1991),"Hunt for Red October, The (1990)",Heat (1995),Demolition Man (1993),Total Recall (1990),Enemy of the State (1998),X-Men (2000),"Rock, The (1996)"
X-Men (2000),X-Men (2000),Speed (1994),Enemy of the State (1998),Mission: Impossible (1996),Heat (1995),Demolition Man (1993),"Hunt for Red October, The (1990)",Terminator 2: Judgment Day (1991),Gladiator (2000),"Rock, The (1996)"
"Hunt for Red October, The (1990)","Hunt for Red October, The (1990)",Heat (1995),Mission: Impossible (1996),Speed (1994),Enemy of the State (1998),Terminator 2: Judgment Day (1991),Demolition Man (1993),"Rock, The (1996)",Gladiator (2000),Total Recall (1990)
Terminator 2: Judgment Day (1991),Terminator 2: Judgment Day (1991),Speed (1994),Total Recall (1990),Demolition Man (1993),Heat (1995),"Hunt for Red October, The (1990)",Mission: Impossible (1996),Enemy of the State (1998),Gladiator (2000),"Rock, The (1996)"
Heat (1995),Heat (1995),Demolition Man (1993),Speed (1994),"Hunt for Red October, The (1990)",Mission: Impossible (1996),Terminator 2: Judgment Day (1991),"Rock, The (1996)",Enemy of the State (1998),Total Recall (1990),Gladiator (2000)
Demolition Man (1993),Demolition Man (1993),Heat (1995),Speed (1994),Terminator 2: Judgment Day (1991),Total Recall (1990),"Hunt for Red October, The (1990)",Mission: Impossible (1996),"Rock, The (1996)",Gladiator (2000),Enemy of the State (1998)
"Rock, The (1996)","Rock, The (1996)",Speed (1994),Mission: Impossible (1996),Heat (1995),Enemy of the State (1998),"Hunt for Red October, The (1990)",Terminator 2: Judgment Day (1991),Demolition Man (1993),Total Recall (1990),Gladiator (2000)
Speed (1994),Speed (1994),Heat (1995),Demolition Man (1993),"Rock, The (1996)",Terminator 2: Judgment Day (1991),"Hunt for Red October, The (1990)",Mission: Impossible (1996),X-Men (2000),Gladiator (2000),Enemy of the State (1998)
Enemy of the State (1998),Enemy of the State (1998),"Hunt for Red October, The (1990)","Rock, The (1996)",Mission: Impossible (1996),Heat (1995),Terminator 2: Judgment Day (1991),Speed (1994),X-Men (2000),Demolition Man (1993),Gladiator (2000)
Star Wars: Episode V - The Empire Strikes Back (1980),Mission: Impossible (1996),Total Recall (1990),Gladiator (2000),X-Men (2000),"Hunt for Red October, The (1990)",Terminator 2: Judgment Day (1991),Heat (1995),Demolition Man (1993),"Rock, The (1996)",Speed (1994)
