1,2,3,4,5,6,7,8,9,10
Mission: Impossible (1996),Mission: Impossible (1996),"Rock, The (1996)",Speed (1994),Enemy of the State (1998),"Hunt for Red October, The (1990)",Total Recall (1990),Terminator 2: Judgment Day (1991),Gladiator (2000),Demolition Man (1993),Heat (1995)
Total Recall (1990),Total Recall (1990),Terminator 2: Judgment Day (1991),"Hunt for Red October, The (1990)",Speed (1994),"Rock, The (1996)",Enemy of the State (1998),Mission: Impossible (1996),Demolition Man (1993),X-Men (2000),Star Wars: Episode V - The Empire Strikes Back (1980)
Gladiator (2000),Gladiator (2000),X-Men (2000),Terminator 2: Judgment Day (1991),Speed (1994),Total Recall (1990),Mission: Impossible (1996),"Hunt for Red October, The (1990)","Rock, The (1996)",Enemy of the State (1998),Star Wars: Episode V - The Empire Strikes Back (1980)
X-Men (2000),X-Men (2000),Gladiator (2000),Terminator 2: Judgment Day (1991),Total Recall (1990),Star Wars: Episode V - The Empire Strikes Back (1980),Speed (1994),"Hunt for Red October, The (1990)",Enemy of the State (1998),"Rock, The (1996)",Mission: Impossible (1996)
"Hunt for Red October, The (1990)","Hunt for Red October, The (1990)",Speed (1994),Enemy of the State (1998),Total Recall (1990),"Rock, The (1996)",Terminator 2: Judgment Day (1991),Mission: Impossible (1996),Heat (1995),Gladiator (2000),Star Wars: Episode V - The Empire Strikes Back (1980)
Terminator 2: Judgment Day (1991),Terminator 2: Judgment Day (1991),Total Recall (1990),"Hunt for Red October, The (1990)",Speed (1994),"Rock, The (1996)",Gladiator (2000),Star Wars: Episode V - The Empire Strikes Back (1980),Enemy of the State (1998),X-Men (2000),Mission: Impossible (1996)
Heat (1995),Heat (1995),Speed (1994),"Hunt for Red October, The (1990)","Rock, The (1996)",Enemy of the State (1998),Terminator 2: Judgment Day (1991),Total Recall (1990),Mission: Impossible (1996),Gladiator (2000),X-Men (2000)
Demolition Man (1993),Demolition Man (1993),Total Recall (1990),"Rock, The (1996)",Mission: Impossible (1996),Terminator 2: Judgment Day (1991),Speed (1994),"Hunt for Red October, The (1990)",Enemy of the State (1998),X-Men (2000),Heat (1995)
"Rock, The (1996)","Rock, The (1996)",Speed (1994),Mission: Impossible (1996),"Hunt for Red October, The (1990)",Enemy of the State (1998),Total Recall (1990),Terminator 2: Judgment Day (1991),Demolition Man (1993),Heat (1995),Gladiator (2000)
Speed (1994),Speed (1994),"Rock, The (1996)","Hunt for Red October, The (1990)",Enemy of the State (1998),Mission: Impossible (1996),Total Recall (1990),Terminator 2: Judgment Day (1991),Heat (1995),Gladiator (2000),Demolition Man (1993)
Enemy of the State (1998),Enemy of the State (1998),"Hunt for Red October, The (1990)","Rock, The (1996)",Speed (1994),Mission: Impossible (1996),Total Recall (1990),Terminator 2: Judgment Day (1991),Heat (1995),Gladiator (2000),X-Men (2000)
Star Wars: Episode V - The Empire Strikes Back (1980),Star Wars: Episode V - The Empire Strikes Back (1980),Terminator 2: Judgment Day (1991),Total Recall (1990),X-Men (2000),"Hunt for Red October, The (1990)",Gladiator (2000),Mission: Impossible (1996),Speed (1994),"Rock, The (1996)",Enemy of the State (1998)
